lad_id,const,x1,x2,x3,x4,x5,x6,x7,x8,x9,x10
0,3.1915888311598086e-08,6.986490597687395e-08,0.001060215413627182,1.9697756680397024e-09,9.87781711149628e-10,9.392708143456391e-10,4.828826936377771e-11,3.5230208754211416e-07,3.673380162474616e-09,4.1111741603674025e-09,6.884509415006315e-10
1,4.8102323950840114e-08,1.244059173371755e-07,0.0013979839809916195,4.6654805257609115e-09,1.1301738224067226e-09,4.5738959509717673e-10,6.264898092769619e-11,6.291867027855166e-07,3.6589077265665327e-09,7.692913026334954e-09,2.7327484493591294e-10
2,4.21684254145488e-08,8.472193574135751e-08,0.001408905808629134,3.890013962281559e-09,1.0170423887889645e-09,3.927572711059991e-10,6.596639810372373e-11,8.931872182116842e-07,4.7446971337360615e-09,5.436070575546949e-09,4.0435137672925114e-10
3,4.888154067792965e-08,1.078133579878904e-07,0.001548853585379773,3.6049172913504626e-09,8.274158711172676e-10,1.3540095134677806e-09,1.0967980156439471e-10,5.36442411741779e-07,5.190547369610378e-09,6.1608277624853296e-09,7.651528179882178e-10
4,5.0753341394330746e-08,9.374066082937352e-08,0.0015534477272488145,5.032369508077508e-09,1.5558168287972563e-09,7.529183787150052e-10,5.6688641238881655e-11,1.0789233498341052e-06,8.361112043598355e-09,6.882203286018981e-09,7.650238933052736e-10
5,3.43663725354905e-08,7.495572919068522e-08,0.0012192001002220433,2.33689776069077e-09,6.116992943280419e-10,6.258081387419579e-10,7.106626332735055e-11,2.8550347057572056e-07,4.7037172696731975e-09,4.050508982056033e-09,1.8842802551695357e-09
6,3.2142026987190846e-08,5.8424043449907107e-08,0.0011068545293407175,2.0424504291902706e-09,2.1782751944054273e-10,3.8736410699543714e-10,6.42127108803406e-11,4.4360919718439064e-07,2.0885966208658516e-09,4.251420421907911e-09,3.1499698774239646e-10
7,3.146941386837473e-08,7.159660396371805e-08,0.0011510143357665893,2.9983093979243164e-09,3.2659832654907517e-09,4.0469901755760426e-10,4.312647368271954e-11,3.324398535493e-07,4.0052064713378805e-09,3.681615616974776e-09,8.074183200822345e-09
8,1.7153772901751665e-08,3.956386031273506e-08,0.000735257489586081,7.64104873168934e-10,1.3634684908845997e-09,1.9906407964532272e-10,6.42406819137459e-11,1.8589332188974753e-07,1.4327814888109067e-09,1.3156783472189084e-09,3.2943666523107496e-09
9,4.115403545450436e-08,7.547169167449867e-08,0.0012825599535834858,4.346287831025048e-09,1.7703232758134518e-09,2.887758199885425e-10,4.291014422265827e-11,8.505762397602642e-07,5.889731195212332e-09,5.251803568954419e-09,3.72387865943074e-10
10,5.685656631853437e-08,1.277521629017073e-07,0.001630480490363803,4.1782868419447695e-09,1.7947862409766347e-09,1.9172540261160104e-09,5.7007881012648164e-11,7.717248099872125e-07,1.3621845366185192e-08,8.623445544929943e-09,8.325558940832312e-10
11,3.4038171038596415e-08,7.583835849350337e-08,0.0012371963435805552,2.4996462676081716e-09,7.168593898638721e-10,3.9677603561867823e-10,5.005799669982115e-11,4.2382842943711265e-07,3.870385164321322e-09,3.822685837312377e-09,1.4085385775987603e-09
12,2.2616599103841684e-08,5.0470958289686805e-08,0.0009687967725689956,1.2510559147889586e-09,4.938293183623479e-10,3.266622548673537e-10,5.3727674239974705e-11,3.7258463317730553e-07,2.604544361362389e-09,2.196036922723491e-09,1.3071832446895632e-09
13,4.740525534357415e-08,7.931444545231e-08,0.0015603199334897283,5.384570453192273e-09,6.51135812170301e-10,9.387187132996157e-10,6.776092980460287e-11,9.118380142185026e-07,5.739774054566313e-09,5.705744351285691e-09,5.730054069371216e-10
14,9.590843938734808e-09,2.116855218903393e-08,0.0003387681147173447,4.33129112152893e-10,3.374808407847467e-10,1.8712956362602282e-10,2.3849135163930115e-10,1.2156181087484092e-07,1.0836188850750655e-09,9.351363461112606e-10,3.082648038218597e-10
15,2.5363210663254572e-08,4.464080672507921e-08,0.0009341465588897146,1.7196351964761661e-09,5.048084419251811e-10,7.274863255194402e-10,6.444187943972896e-11,1.9544906671863323e-07,3.879837735971624e-09,2.4815108183769728e-09,3.04000895653174e-09
16,2.787337323566709e-08,6.450496469444856e-08,0.0010902255607204703,1.7540343226965683e-09,1.832669904710852e-09,2.347745012077953e-10,7.160032264657699e-11,2.792889443393375e-07,3.153793892884575e-09,2.9107849982743893e-09,2.755685594165118e-09
17,2.944637660393294e-08,7.23474556195165e-08,0.0008599459053955548,2.6890120951960277e-09,3.0194394317366676e-09,3.8123131345113274e-10,2.481229291412159e-10,3.148964832972124e-07,4.943913179716132e-09,2.4811414256542502e-09,8.663826196663787e-09
18,3.230977492079758e-08,6.135575558599982e-08,0.001135150092217355,2.1811519025055506e-09,6.427109876671056e-10,5.739313076380045e-10,5.130668413538105e-11,5.726642082969584e-07,4.213666980057436e-09,3.934809847314279e-09,2.7069257723796703e-09
19,6.242173321367151e-08,1.344739942916086e-07,0.0017891029073395387,6.572244406083742e-09,1.6461819773664508e-09,4.605804422762503e-10,8.669923608879858e-11,5.82683018123578e-07,1.2281115520222595e-08,6.649332548995853e-09,2.0182762314206868e-08
20,9.024225107221113e-08,1.906353385776556e-07,0.0021721501837870735,7.3273532114799915e-09,5.4972021395872365e-09,2.1647152689195753e-09,1.176202955136493e-10,1.0942791540229739e-06,2.052856474467829e-08,9.835466233908706e-09,2.4327124726193377e-09
21,6.797946429985001e-08,1.2314939617629066e-07,0.002023884611135135,6.884745340064807e-09,1.5814415737771538e-09,4.5756649507842096e-10,7.21401383408775e-11,1.4208704933062603e-06,6.6149096820060806e-09,8.308631646562275e-09,5.904319103073338e-10
22,4.370276228776996e-08,8.63589681415869e-08,0.0012872809122232624,4.12211589861119e-09,1.7314312101216763e-09,3.782903518916511e-10,7.470804132073959e-11,2.3482818531653515e-07,7.161245163450938e-09,4.40883689876916e-09,8.149574637471249e-09
23,4.789793496399434e-08,8.749844981569878e-08,0.0012923845375028523,8.824119987720651e-09,7.089353949345568e-10,1.9934084167712176e-09,5.576332697910291e-11,4.753974466918326e-07,6.854818649409887e-09,5.3735299165432596e-09,9.3042258833863e-10
24,4.133257723360052e-08,1.1083929680411303e-07,0.0012738011427108453,2.4291120772045703e-09,1.7767935359369793e-09,1.3166188534603771e-09,3.064662005362422e-10,5.610081482402055e-07,7.356800542678638e-09,4.491851213919515e-09,1.3586267519734593e-09
25,2.3578779846619137e-08,5.455316768956416e-08,0.0009821711990499634,1.0573053905522813e-09,2.654478466076335e-10,3.2198657656109484e-10,6.08924592883953e-11,2.382851753182548e-07,2.31737667848118e-09,2.3720571820735226e-09,1.65003152523931e-09
26,3.3758616098670724e-08,7.023215779699138e-08,0.0009717396003863844,3.3511702687192654e-09,1.670554699478076e-09,2.3222477536171372e-10,5.995945672133703e-11,5.544256981616736e-07,6.025008570551001e-09,3.4985708237423956e-09,1.0016175356070213e-08
27,3.01164455867986e-08,5.046803232119148e-08,0.001072487695226244,2.1220057741874668e-09,3.4017235569419227e-10,3.236240727589709e-10,5.2725685866565776e-11,3.6097962666854687e-07,1.923378818653071e-09,3.8195068489354215e-09,4.945012058344084e-10
28,4.8003426448886976e-08,1.0382000487695511e-07,0.0015251288625642,4.924194489001393e-09,5.24953568162291e-10,8.299202543103597e-10,6.406794530403887e-11,6.548784766412961e-07,2.8670780959906835e-09,6.4721176330566025e-09,4.4074837573313173e-10
29,2.4516724240474164e-08,5.691409328917395e-08,0.0010024089377990554,1.958505392961098e-09,3.2429663463661175e-09,6.014131721135065e-10,8.026742045751415e-11,2.538648046658246e-07,3.501303330719818e-09,2.405805444604623e-09,7.852417339775048e-09
30,2.8258573086918353e-08,5.8973098435530325e-08,0.001074179009466484,1.126491405409696e-09,2.7413543285628144e-10,1.3253439224734705e-10,6.52747924842022e-11,2.740417495775374e-07,1.4869916055931554e-09,2.457178673450776e-09,1.4223232109246723e-09
31,2.0561117032179985e-08,4.5522623744185193e-08,0.0007583563025620469,8.071784329877606e-10,1.530287396739701e-09,7.569087500811292e-10,4.0208666217991463e-10,2.3399465423570898e-07,2.9875337977402152e-09,1.6502085895343057e-09,9.525945284152121e-10
32,7.631118121319803e-09,1.868676005884762e-08,0.0002603293303581284,4.302761780816982e-10,4.752463161968252e-10,3.767118504040749e-10,1.7330688547830786e-10,1.0736772033172105e-07,1.3655710775273834e-09,6.524377833003356e-10,4.828304625706656e-10
33,3.339724400166411e-08,7.354885510916974e-08,0.00116273487263676,2.0459345825518562e-09,6.478658152821102e-10,7.73080998339088e-10,4.712067464321319e-11,3.514129318831323e-07,3.5901291432820618e-09,4.361440179540647e-09,4.536458145301322e-10
34,1.8868205891678585e-08,4.776981425610853e-08,0.0008128119689799187,6.905660577568964e-10,9.228724214476983e-10,2.046155053265972e-10,4.7784782056958225e-11,2.2120928077290585e-07,1.6006357375308802e-09,1.514635941497665e-09,1.5444958339236456e-09
35,3.002777065076016e-08,6.999402432779363e-08,0.001006330687075809,1.3552730296380715e-09,2.369441443008327e-10,1.8001245180644426e-10,6.965723184956503e-11,2.9588079160341297e-07,2.191941383569412e-09,3.065266476837499e-09,9.28544638413383e-10
36,3.743009802475731e-08,8.890344783359239e-08,0.0013097952922594385,2.8008219106641548e-09,7.636097001046029e-10,3.861498601757005e-10,6.941196561626269e-11,4.111662934076271e-07,3.135074834304562e-09,4.513580296270159e-09,1.3726324681668936e-09
37,1.9447428853632865e-08,3.601380938058271e-08,0.0006879733387559108,1.2596973185552612e-09,7.635475310774771e-10,5.053779134171415e-10,1.4562855249716802e-10,4.0530074443733185e-07,2.64180454799054e-09,1.96884439509938e-09,1.0308363619887697e-09
38,2.4344784824493647e-08,5.388293586504975e-08,0.0010328821626121323,1.1286601263359808e-09,3.3253928984867166e-10,1.9433566533967013e-10,7.754161770615915e-11,3.2066987164365974e-07,1.8332600472296701e-09,2.278441369795699e-09,2.8650374833971756e-09
39,5.590860146707941e-08,1.1907127819590464e-07,0.0015509046046967832,5.7302057566805126e-09,2.2884398290646943e-09,5.612728068737427e-10,6.653258392143469e-11,7.471933367840042e-07,1.0395967640364608e-08,6.643911471019274e-09,7.074958769822972e-09
40,2.068107926560035e-08,4.129769822416584e-08,0.0006406653671828561,1.4212754020630357e-09,6.788018866648541e-10,2.1850598307475732e-10,3.214851474650053e-11,1.2429093461847176e-07,2.791550277576343e-09,1.882393217735696e-09,2.0317048224879813e-09
41,4.7625150453302486e-08,9.816958343961974e-08,0.0014363228514618091,3.853867912690219e-09,2.057950917104777e-09,3.4233237456968015e-10,7.426873613301398e-11,8.918487107701132e-07,6.987311376556465e-09,5.320286414127797e-09,4.784537896961149e-09
42,0.4057194150666532,0.6969176422978112,0.0019318341429454852,-0.005337569624360378,0.08905886533672464,0.5863276631626564,0.12323497631624644,-6.9306000200260005,0.5558831391484457,-0.13692692637938364,0.4474841872128027
43,-5.1835529182559,-11.458822977861605,0.0006355695225162537,0.01568883007720971,1.2714164255237907,1.4870020140999185,-0.507675191742025,1.1720432179810656,0.46835942196017677,0.6105756998551486,-8.999737957796825
44,5.252334699163755e-08,1.3479622276854555e-07,0.0016046313025182906,5.112649213459683e-09,6.818791016283055e-10,4.70262433402843e-10,6.527844141818482e-11,5.276065932138009e-07,6.5041858067333755e-09,7.533926197383243e-09,6.221518793592316e-10
45,3.75877609904278e-08,9.222450356816038e-08,0.0012716920093348433,1.9841287123280123e-09,1.0956449426214146e-09,6.351464706513139e-10,8.911449419316901e-10,3.0060767950092585e-07,3.324253177547346e-09,3.940913794536845e-09,1.3750755862681312e-09
46,3.937155352770666e-08,1.0367895059867863e-07,0.0011024034987757868,4.789366101847479e-09,1.3958382401193148e-09,9.090843611652423e-10,1.2608769948048344e-10,5.508467469812855e-07,8.449248609715375e-09,5.011945468893e-09,5.891807204607505e-10
47,4.3103037230670875e-08,1.1107220140201649e-07,0.0014421368825019722,3.37475886820114e-09,8.58297085248468e-10,4.6022945474143965e-10,4.6752965372635514e-11,5.563084721831954e-07,3.918377507995688e-09,5.841822769933996e-09,7.341109075239096e-10
48,2.560102169527818e-08,5.21419672294838e-08,0.0010107575948400914,1.564282770061279e-09,2.5861867956111166e-10,2.5125871334268955e-10,5.4832217466737055e-11,2.898000979833532e-07,1.6846772660742323e-09,2.854674165948461e-09,8.623131831165076e-10
49,2.4413152638727373e-08,4.48619233218094e-08,0.0008788016916040714,1.7053331989624747e-09,5.859082684434014e-10,5.953729137543248e-10,3.996792841818849e-10,2.1429900883663033e-07,2.7592176780759505e-09,2.5979271668517088e-09,3.058287864287873e-09
50,2.4607495509378068e-08,4.829854167312184e-08,0.0009645267177888262,1.2217473257118032e-09,5.459285594095482e-10,4.713535649449014e-10,7.721400911332759e-11,2.0370106742190016e-07,2.775307825951237e-09,2.312104286200166e-09,1.2983610880720913e-09
51,2.4667351385738157e-08,5.155683381861495e-08,0.000840099510051425,1.168503333362186e-09,7.037799619334326e-10,9.966852607936514e-10,2.493642327457104e-10,3.39667847237213e-07,3.8140312228884e-09,2.0592869513059193e-09,1.0048510134331207e-09
52,2.3889145924244583e-08,5.071415104455369e-08,0.0009353069043967721,1.860625859322511e-09,5.458114001132962e-10,6.09284155714814e-10,5.914677297813361e-11,3.5671217001680223e-07,2.431296331844882e-09,2.4712758445219688e-09,1.450015209096667e-09
53,3.543679878720302e-08,8.176980881772267e-08,0.0012012929556079906,2.1749317410107944e-09,2.479700096242746e-10,6.608687643177782e-10,7.82772486395997e-11,1.9424571732914137e-07,3.5440669648833263e-09,3.171216446162633e-09,8.292475857180091e-10
54,3.844858760727715e-08,9.2953356904013e-08,0.001264871936361384,2.7319470940251224e-09,7.09655931703786e-10,8.061185148335881e-10,2.200255783061436e-10,2.984447649204059e-07,4.2729647682515284e-09,3.6006196168533428e-09,7.865003321307501e-10
55,0.9183918404416032,1.9149788617806687,-0.007091486122675843,0.1674629721518328,0.26976634215631323,0.05733791695489052,0.005738603880757542,12.936316680641085,1.4334084076289573,-0.07415015348078502,0.14613297645727386
56,3.359935986136883e-08,7.97210872955144e-08,0.001191791693855993,1.4703525532128667e-09,3.8773158112397454e-10,8.86973116308819e-10,2.1050833872852367e-10,1.507866533849558e-07,2.4483899004279787e-09,3.973813363432104e-09,5.541828716270601e-10
57,3.412109894490891e-08,7.110130245280294e-08,0.0011045487172737657,2.34530917910641e-09,5.675310642489935e-10,3.955630032950049e-10,5.522091141798637e-11,1.9729596224644494e-07,3.9901113222759114e-09,3.511205890578353e-09,6.242634005854276e-10
58,6.1653828707082745,-8.536236972276786,-0.001840628700299813,2.256027073912295,-0.9978855925235184,-0.09860050190418501,-0.16460337788217652,10.017151695192354,0.6850755517279516,1.3563421724609297,35.41639270729749
59,2.6583971565600476e-08,5.084343081052435e-08,0.0009489796208622816,1.5981196989622378e-09,8.117613830075459e-10,6.565513952478916e-10,2.703043225649333e-10,2.218708521584849e-07,3.789181894744985e-09,2.747696219228691e-09,1.342739616903095e-09
60,6.502802271908444e-08,1.6209831337461032e-07,0.0018449971977850873,6.36729074770172e-09,1.9291924955309375e-09,7.93104739257338e-10,9.277107431342591e-11,1.2940710462570851e-06,6.775357831023983e-09,9.306874094173502e-09,5.211292913527672e-10
61,4.9578342707596645e-08,1.2312135568363624e-07,0.0014609970312053496,3.3531152100687772e-09,6.788781457027602e-10,5.860400441538222e-10,2.5814054388969904e-10,6.751984246513887e-07,4.408632140678193e-09,7.714688491343775e-09,3.547001070056841e-10
62,2.7572697798974552e-08,5.860583487712834e-08,0.0009920755141991755,1.2698220892622604e-09,1.3792276378929083e-10,3.402471137518277e-10,1.2430486546810118e-10,3.566482038066556e-07,1.1565356397352423e-09,3.411719964819447e-09,3.570070911515994e-10
63,5.7590012423807786e-08,1.2214507519911618e-07,0.0016974045358755276,5.491199183425374e-09,2.013380657201767e-09,4.400156152756227e-10,4.4591246959833723e-10,1.0188842214067898e-06,5.608349227818755e-09,6.798481905180991e-09,7.547505665818617e-10
64,4.073028361415813e-08,9.823567985726584e-08,0.0012220088293203456,3.6259645564570632e-09,3.062768785913012e-09,7.751962092875866e-10,4.951455299883303e-10,7.590047266341633e-07,7.864366565560035e-09,3.593297380714751e-09,7.256673047427042e-09
65,3.042570692365293e-08,6.434076237732151e-08,0.0010046937222637756,1.753898738508334e-09,2.9744703420235565e-10,2.4216437471480226e-10,6.693656098306705e-11,3.9349144174822216e-07,1.5154819210614581e-09,4.576460459449812e-09,5.814970562832485e-10
66,3.160272701179245e-08,7.370922141755982e-08,0.0011996300837177872,3.0260723174749845e-09,2.5540113989186665e-09,5.799098494009137e-10,5.410082149189082e-11,2.423755753441637e-07,5.815490933510162e-09,2.886305019172288e-09,4.803514023743743e-09
67,2.6597362631193847e-08,6.674911768199128e-08,0.0010908534986866524,1.5379794990123564e-09,2.8211826290958795e-09,3.324901706976798e-10,6.735968877687323e-11,2.700858629396244e-07,2.8177796770785536e-09,2.257139009419716e-09,4.614515924934143e-09
68,2.5436050752467813e-08,5.900052453100988e-08,0.0010154283427474757,1.3041937687152777e-09,3.4803420334494446e-10,1.997394537283395e-10,6.462495809030736e-11,2.7013286935123733e-07,2.0867384509898847e-09,2.423581111683869e-09,1.4489448947754345e-09
69,4.3946646846957954e-08,8.356554394893954e-08,0.0013758629754525638,3.52594549498088e-09,1.3626447864008234e-09,9.076737009260154e-10,7.276591044658043e-11,5.771012034034154e-07,8.35714449577515e-09,4.487394923850201e-09,1.2528547520521877e-09
70,3.065466813055785e-08,7.35447036517378e-08,0.0011768647367973266,2.125202960130205e-09,9.992754452613466e-10,2.82514883475263e-10,4.9158107016263186e-11,3.489733261302454e-07,3.654910854669072e-09,3.301796709709542e-09,2.9583682849536048e-09
71,3.5579027113677164e-08,7.527067974242933e-08,0.001145995781880605,3.573619678720984e-09,1.842616313656647e-09,9.089662647393185e-10,2.4051422816279144e-10,7.77569019750028e-07,7.665261002371902e-09,3.4260072751783672e-09,5.000440773275507e-09
72,2.4046434686040285e-08,5.4045311175472386e-08,0.0008867542205035832,1.637438273992911e-09,2.396827936977412e-10,2.1352700780786196e-10,5.1243237179573185e-11,5.050980216859862e-07,1.5361862773533647e-09,3.270772046631907e-09,1.602090641987058e-10
73,5.1433727320821304e-08,8.329429295824046e-08,0.0015842104936695585,5.338363669753311e-09,2.4474208780591696e-09,9.301566038828805e-10,6.200581996665686e-11,8.36292391295333e-07,7.479425968650196e-09,6.064831261634773e-09,1.4950198130587525e-09
74,4.036365768788573e-08,9.710583283616854e-08,0.0013140995120171262,2.2748243761073727e-09,4.56568904165134e-10,7.181427826553157e-10,8.923977368719588e-11,4.378849774586709e-07,3.150133157877764e-09,5.557803938489083e-09,4.431072308255349e-10
75,4.67374439410075e-08,1.0570992520582962e-07,0.0015241148204588545,3.4186089227022603e-09,1.0033770638593539e-09,6.437565075988471e-10,7.893651664359067e-11,5.464084488483426e-07,3.7207007700674935e-09,5.35552990227152e-09,9.207831619162322e-10
76,5.134895096288607e-08,1.247440064350908e-07,0.0015278715941183473,4.58244220079068e-09,2.2053736356732435e-09,4.4913215814921464e-10,6.770303858388616e-11,6.781637894232507e-07,9.573959015414873e-09,6.4284931940962546e-09,4.054230258705698e-09
77,2.3777197303246876e-08,5.817788710404809e-08,0.001064238675276482,1.6326651167090666e-09,2.5875905955714747e-09,6.708314566874526e-10,8.598357417788574e-11,2.4293891336978113e-07,2.875738841804637e-09,2.118388959252803e-09,6.936242089569935e-09
78,2.7153671118544587e-08,5.0735750145233644e-08,0.00106884303471526,1.7121716288694963e-09,1.934154059538051e-10,5.047408887217664e-10,5.907551830993094e-11,2.542798990697996e-07,1.2995009980686067e-09,3.0753108819218483e-09,5.216900845090052e-10
79,4.2352748502552444e-08,1.0336082575136334e-07,0.0013652023454811392,2.3041004754268546e-09,7.052159560434429e-10,7.434951918178838e-10,9.852698856520133e-11,4.945783473746765e-07,3.081577729452842e-09,5.841997160523239e-09,3.9857665230959306e-10
80,2.4280351197152658e-08,5.630675396800261e-08,0.0009951006636584403,1.0495170400854986e-09,1.7310607109683203e-10,1.9865120305655458e-10,5.911875299151929e-11,2.9227974028118686e-07,1.0837787963430233e-09,2.768559959040903e-09,4.6035593905183394e-10
81,1.7897362560466985e-08,3.54457427191465e-08,0.0007323600759743091,8.086518876180195e-10,2.448561861902446e-10,1.425953641575337e-10,5.590246179239872e-11,2.540565328111909e-07,1.0599344415700293e-09,1.6846463752326626e-09,4.815719649664476e-10
82,9.403703908666637e-08,1.7301571347466587e-07,0.0024604447239078386,8.145035006122221e-09,1.1028764655012577e-09,1.971840131710575e-09,1.3563574193543997e-10,9.461156487216075e-07,5.817109719433655e-09,1.3489074589821572e-08,7.561555464267136e-10
83,2.3269540670962642e-08,4.534734142513478e-08,0.0007903887314570312,1.6981713175811326e-09,3.014763086735969e-10,6.021064881513665e-10,4.1798417771299086e-11,2.5655070767772623e-07,1.98669525396608e-09,2.9544098938787157e-09,2.483214451412187e-10
84,4.409452558371528e-08,9.555837880685106e-08,0.0013837107097756434,4.790679829289692e-09,5.475430226575887e-10,1.0011480408507695e-09,6.811504390837354e-11,7.354502492653855e-07,6.372353345690548e-09,4.734200415656019e-09,3.800798040421545e-09
85,4.3915564075225196e-08,1.0799039450873782e-07,0.0014516062555596334,3.48803703451932e-09,5.394718104452859e-10,1.5978520495342711e-09,8.076289502260885e-11,6.851553208807599e-07,4.832002920199112e-09,5.507385321586378e-09,6.038091986838634e-10
86,4.3278178474020584e-08,1.280717309427407e-07,0.0013502791683894422,2.535772667004633e-09,1.425298969572587e-09,1.0079703040769692e-09,1.4677613124320116e-10,2.2646777013393592e-07,9.166309253868035e-09,4.735755668377366e-09,1.469696213229379e-09
87,2.46656413934789e-08,6.205805176046463e-08,0.000974052194638578,1.3834437047922858e-09,3.007108084416332e-10,4.052133335100395e-10,4.5073429340995644e-11,1.289919353258686e-07,2.3216291565110667e-09,2.7298308427327743e-09,9.410671795485827e-10
88,4.487541992749125e-08,1.1005751405264335e-07,0.001411207302775357,3.9390836547299394e-09,6.534036623398934e-10,3.9288750261714616e-10,8.456836717016628e-11,8.445569410723459e-07,2.2612848724414648e-09,8.189645145117589e-09,3.442644355875367e-10
89,1.4691071171993822e-08,3.5121777113186095e-08,0.0006455829983068603,3.941657903462953e-10,1.4756077464018747e-10,3.0573619113868986e-10,4.5586968314057804e-11,1.4581518889494598e-07,1.1694596978841197e-09,9.05189491881244e-10,9.634085079724799e-10
90,3.315658910069285e-08,7.337752865363754e-08,0.0012879070071281696,2.224840285248463e-09,3.5948154994444357e-09,4.666965134855097e-10,6.895324095647528e-11,3.59833281590946e-07,4.215169834369694e-09,3.3346814884460214e-09,3.81673355841883e-09
91,2.4790976138134046e-08,5.638527448812961e-08,0.0009011519826211726,1.2836347315779926e-09,3.324109747190721e-10,1.5274606245336545e-10,4.602524743992217e-11,2.764201817198421e-07,1.4301051935796074e-09,2.6154225215531273e-09,1.7819346912737792e-09
92,2.0869143993222948e-08,4.724647639506516e-08,0.0009151119641028266,7.275781880836826e-10,4.415443052201833e-10,3.514672110969965e-10,7.778502647264937e-11,1.5457645172034667e-07,2.0648069301711497e-09,1.6813198133458005e-09,2.3643864053261353e-09
93,3.031156962130159e-08,5.562111759922684e-08,0.000993928824691913,2.6461349801783903e-09,1.1972372662189534e-09,6.630231545059114e-10,4.015119678810598e-11,6.33469057629727e-07,3.439883389917423e-09,3.821997590477063e-09,4.780939035342437e-10
94,3.4413973346030046e-08,8.53574777425515e-08,0.0011196453866694931,2.0871599629768397e-09,1.639999811489385e-09,1.6516108782464807e-09,1.3188786715864875e-09,2.7169095715796534e-07,7.02810326946583e-09,3.0775268804828183e-09,1.5515713604024708e-09
95,3.016030413019488e-08,7.372719220917695e-08,0.0011664600911065644,1.4536638838518373e-09,2.784282879364579e-10,6.614255096589868e-10,5.900000468197581e-11,3.136636761104524e-07,3.7197363844101348e-09,3.0788439166618797e-09,5.522072217641934e-10
96,5.86426738093236e-08,9.681227117213022e-08,0.001895414992765638,8.160715436040678e-09,6.627348318341898e-10,1.818838543013794e-09,7.571776323644701e-11,5.552681262877717e-07,5.2868896667936284e-09,7.722811216150439e-09,6.930500283952919e-10
97,4.593738747805927e-08,1.0465077534612692e-07,0.001495364807308168,3.0163719575317394e-09,1.282935412212638e-09,5.179314898599183e-10,8.139839420529162e-11,5.418260961267717e-07,4.243289110428074e-09,5.461872774394586e-09,1.7002383615420291e-09
98,4.600934941586202e-08,1.0683685433007491e-07,0.0014607968439536193,3.6702706474438185e-09,5.765986640263133e-10,3.173574984888494e-10,1.0267576334934343e-10,6.036893710497956e-07,2.8533127377785706e-09,6.7125050532739086e-09,3.263196426321982e-10
99,4.551336939872162e-08,9.977328293427585e-08,0.0013455001380873058,2.410643615141544e-09,1.059702605012855e-09,7.218599900710964e-10,7.82681146884167e-11,6.039095263433163e-07,4.91576774614684e-09,4.4092634116007155e-09,6.501893942713171e-10
100,5.494430899265514e-08,1.3156711929969342e-07,0.0015850124946547852,4.4671132265416385e-09,4.717140380035666e-09,6.656691482146158e-10,1.1936990046179386e-10,8.735548004842351e-07,9.440104905153376e-09,5.473289732200653e-09,1.3075684443655728e-09
101,2.426992847559818e-08,4.51955336110215e-08,0.0008595652200753741,1.46014692318454e-09,1.602569902486565e-09,3.272122871867489e-10,5.658498621604379e-11,4.901571476910049e-07,3.5466830322968366e-09,2.710578818677294e-09,9.487841728180406e-10
102,2.1527194375796018e-08,4.5042180240822497e-08,0.0007111324893311736,1.8576527231867965e-09,9.309179850874138e-10,7.257926201595343e-10,1.2576563479134988e-10,2.4533396301670536e-07,4.0678279754883134e-09,2.40843524091531e-09,1.3358668351693095e-09
103,4.9428264843936416e-08,1.0777758913389964e-07,0.0016375760672313437,3.3137726234683686e-09,1.4647433355803507e-09,3.1244241036272266e-09,5.716487691075437e-11,6.036312661593424e-07,8.748708748530446e-09,6.107792478383793e-09,7.05852756507245e-10
104,3.207984925547078e-08,7.847697699337314e-08,0.0011480637744319404,2.775156744783665e-09,1.040772414440323e-09,2.5665685188685657e-10,5.5094028522017354e-11,4.3843819157372877e-07,3.0679045073946757e-09,3.6504986693925304e-09,3.4581922617000296e-09
105,7.483874550609186e-08,2.063945382020531e-07,0.002185041906292862,7.740939710947547e-09,3.2758100897671903e-09,2.3918388359838724e-09,7.607577686359157e-11,1.593420038188887e-06,1.1404766488681124e-08,9.555338209308906e-09,1.4001776871299028e-09
106,2.6710555977814524e-08,5.371618906804397e-08,0.0010877385314233665,1.3814800594715986e-09,2.898096097105092e-09,4.962129683775783e-10,8.963360420668587e-11,2.6896776498202146e-07,2.6398026039014155e-09,2.051010691403595e-09,3.4552076051121914e-09
107,1.840385245856645e-08,3.8251549199887e-08,0.0007885612591532423,6.20862054007424e-10,3.212855111097781e-10,3.0261858978043086e-10,3.039186218404341e-10,1.9847238754948876e-07,1.653687028025998e-09,1.5345391821410342e-09,1.082837865586022e-09
108,8.036142952866975,-8.303002576967486,-0.0032274865315888245,2.1402027024301318,-0.9696086695283488,0.41111419331068605,-0.14237336470244683,15.92066222822576,-0.6325647985125258,1.1794898910433342,38.20428742490106
109,6.376376169371311e-08,1.370148052580432e-07,0.0018347225380344774,6.6569689938832505e-09,2.3470953121398094e-09,1.3703500289121597e-09,7.298715942126298e-11,6.407353030171337e-07,1.086014126182412e-08,6.230254394263122e-09,6.736808961268567e-10
110,3.5451933732448574e-08,6.818780109175836e-08,0.0012447642166549726,2.0832556617239426e-09,1.4938882841752196e-10,5.068015216215251e-10,8.297993562174701e-11,5.378288981196201e-07,1.6316291165960669e-09,4.759123014971267e-09,2.631649905459065e-10
111,-2.8386082630376546,-5.587501828221315,0.006106386555034822,0.08876797436144067,0.7454651994561358,0.711676616428068,-0.02774405975436896,-26.059380008814315,-0.9401284935182804,0.5953270206560184,-0.996643631464737
112,1.2961109278826446e-08,2.432517618218846e-08,0.0005159767753480505,6.326422017200976e-10,1.1145998051483673e-10,1.4418010425922367e-10,3.1675569987556634e-11,1.5075378924851076e-07,6.479741437249309e-10,1.3346281185872434e-09,7.181990666736535e-10
113,0.6029914318601579,3.4611923327142815,-0.0039019120002063133,0.23576912124610425,0.5398283546426428,-0.19809337011076372,-0.10091508636230759,17.706417690179155,-0.6213193196533302,0.6217581331919922,-0.12168784734981024
114,4.053409850755559e-08,8.036401620230459e-08,0.0014096781051653514,3.850216669336646e-09,1.0013432831920506e-09,8.911317645808406e-10,5.274596276672283e-11,3.53361604839229e-07,7.260292241108249e-09,4.80436577704335e-09,2.3590796616281316e-09
115,2.3393665510230297e-08,4.378757664908708e-08,0.000806635866474179,1.0072334283783033e-09,3.951705807745397e-10,3.5190293843875973e-10,5.82439691020133e-11,3.1063446773874214e-07,2.6349069601340153e-09,2.407673989007061e-09,4.06962682748178e-10
116,2.8981590541165207e-08,7.221637485683441e-08,0.0013503207320683314,1.7959204066661214e-09,1.9690898047414843e-09,2.1237805875641402e-10,9.39294550855495e-11,3.161731088771046e-07,3.01908689217795e-09,2.797853506704258e-09,1.3254248513000343e-08
117,1.8411813826563787e-08,4.3670132204629166e-08,0.0008348353279461603,6.524590290298712e-10,8.227468437987289e-11,2.0294264249004388e-10,4.571933335934733e-11,2.3111109852876232e-07,1.1926073451082589e-09,1.6627374381519552e-09,6.549351977203467e-10
118,5.553716646451575e-08,1.1776073626100868e-07,0.0015244465026382696,5.5557316913200554e-09,1.984910362388387e-09,9.031923111743131e-10,1.1612480995947097e-10,1.0009955356663767e-06,1.0848259911366556e-08,7.046577475490412e-09,9.519083023039116e-10
119,4.2601586496538906e-08,9.663595438582732e-08,0.001291471113660171,2.68809901290054e-09,1.2506503276823682e-09,5.516815179662852e-10,5.598188051635578e-11,3.8697312355529625e-07,8.349145303390685e-09,5.307833733957285e-09,1.1743310726756752e-09
120,4.855630994630911e-08,1.1509777951043114e-07,0.001625345645848352,3.514318547071765e-09,1.3887490621286227e-09,1.0239774550621735e-09,6.245600550533664e-11,5.16394520390116e-07,6.286680591561034e-09,6.593213086779147e-09,8.344591172215158e-10
121,3.2748139550509315e-08,7.531014486443127e-08,0.0012311160069713696,2.1018325869041555e-09,1.791145808847608e-09,2.2070365970554634e-10,5.279382681154942e-11,3.238745405477131e-07,3.31401572914201e-09,3.772335904620954e-09,3.504450104614706e-09
122,4.582380087358633e-08,9.383449605615113e-08,0.0014070648463115063,3.559619030734014e-09,2.8802019489328046e-10,1.2793590223297072e-09,9.587830514272219e-11,7.511017374140056e-07,4.9980703926415e-09,6.777842032528804e-09,5.285663279606928e-10
123,3.2059706880417536e-08,7.94218416931507e-08,0.0012055976439745589,1.578042076674302e-09,9.095827759895012e-10,2.1254765035927492e-10,1.2431865179511474e-10,3.5467624050713923e-07,2.3984979622526092e-09,2.7841802358888574e-09,3.3060035131317208e-09
124,3.039766765093966e-08,6.980773154622466e-08,0.0010694826866071278,2.5117707815841527e-09,4.3712043316533523e-10,2.6651184644346837e-10,7.353064466475262e-11,5.215886694186949e-07,2.491935109225003e-09,3.600575363246127e-09,2.2713846930841576e-10
125,2.8909423822114773e-08,7.290296633070845e-08,0.0012533255559492244,2.1638770462728934e-09,2.649495845370789e-09,3.3003343567133384e-10,1.500822456346407e-10,3.078827489846234e-07,3.5367000072508254e-09,2.6585358292674357e-09,9.49698097159499e-09
126,3.515990008435016e-08,6.472798799593361e-08,0.0012543294355091923,2.5681627854633095e-09,4.4452951910064157e-10,5.133492799726451e-10,6.74362251422794e-11,4.6557315498511606e-07,3.200668141018998e-09,4.047822477948895e-09,9.463356430328803e-10
127,2.5307751260304333e-08,5.6028452353932064e-08,0.000996641993171243,1.036190130076184e-09,2.2057286155047889e-10,2.463489720454124e-10,6.661352603805927e-11,2.231781450503459e-07,1.6531792357525117e-09,2.4792983483869045e-09,6.971394564424472e-10
128,1.6755848790911818,4.833229312448802,-0.0036411834161780383,0.729399711262172,1.3402914234538126,-0.0764907151170986,-0.023063019216069555,18.90993558522747,0.9475365291315414,0.6403210363678239,3.8018654339802924
129,2.5609935975181814e-08,4.472924719137353e-08,0.0009976800463412723,1.8118685965751784e-09,3.120964732193475e-10,6.525290625445577e-10,5.525765333054977e-11,1.757669854116564e-07,1.7214667103160718e-09,2.5963073720240723e-09,7.916309128526368e-10
130,6.294784321359806e-08,1.321877515853215e-07,0.0017613519148257722,6.985069214485214e-09,1.740177692542197e-09,4.737649446778996e-10,8.058744775330294e-11,7.392069146261478e-07,1.0510010976563788e-08,8.230418481185608e-09,8.38962341539792e-09
131,2.8706301369244938e-08,5.971452680400652e-08,0.0009489627790287217,2.7103992152024963e-09,1.0678192272146492e-09,9.011690451205076e-10,5.969812091364683e-11,3.6105154803305543e-07,5.52226539728049e-09,2.9897147987151816e-09,1.5232051784567335e-09
132,4.314388852901119e-08,9.9790633739543e-08,0.0013130284996593225,2.6276166733034317e-09,1.6558774920829395e-09,9.347906801559061e-10,7.320547926507399e-11,6.754238276229814e-07,3.852296645697041e-09,6.05588670488408e-09,5.01006761366568e-10
133,2.484444246760823e-08,5.4172933664288904e-08,0.0008447110438986798,1.4509332977489066e-09,1.5597407827197755e-10,2.8298154200773496e-09,3.662571371145992e-11,3.034070144095909e-07,7.136644155865899e-10,4.263511690308329e-09,7.253851815359869e-11
134,41.307357717663805,-115.01266011554924,-0.002261535694789892,-10.718636512927365,16.391385950706898,40.82646128109797,-5.601619705925059,30.136820374565936,-64.93095550839564,-8.188033907789197,22.348523920577435
135,-3.398608884692494,0.421632249223777,0.006065171425961029,-0.2416167359339386,-0.16561664574224558,0.927102678283089,0.0959497731369382,-26.9993893887898,-2.7584321335013606,0.5842528465547725,-7.3641583789467955
136,5.656057405773397e-08,1.139869076879399e-07,0.0017627840651710934,5.491774517412415e-09,6.745085400983747e-10,1.894712125769601e-09,7.798036215511177e-11,6.581468442502364e-07,6.20522904785127e-09,7.966043405246217e-09,9.94755896690616e-10
137,1.383504202873868e-08,2.509282321711164e-08,0.000395838669759156,1.7575096520693368e-09,1.0978935313307287e-09,9.992660915822207e-10,9.320397908125669e-11,1.2672776813921807e-07,3.856579786737942e-09,1.8787231150934373e-09,3.668447908839222e-10
138,1.6731172881882412e-08,4.139113999757823e-08,0.0008012879796451424,5.763372554067671e-10,1.0876749744565032e-09,4.68582255184225e-10,1.3484225545180363e-10,1.6974633493419815e-07,1.749530628434096e-09,1.143984627149867e-09,3.008384218529496e-09
139,5.4288373965277045e-08,1.1361622755109677e-07,0.001636481272895611,5.010168925600491e-09,2.0625874223713185e-09,3.987695884171949e-10,1.789110450374857e-10,1.1596784252575944e-06,8.505444773357423e-09,5.990913416347804e-09,1.0114642965252934e-08
140,6.432106166653003e-08,1.2710588846780665e-07,0.0017059875185813761,6.384907647931651e-09,4.6921093887714195e-09,1.138875944982951e-09,5.057567233852107e-11,6.244902990326806e-07,9.110482930914678e-09,6.8735966610882756e-09,1.008573196562256e-09
141,0.6322216209429059,-1.978414548899801,-0.0008903326038560075,0.035457287559526623,0.37440313718631546,0.09127645473573703,0.03910418221803744,7.203385466904308,0.41455643392883124,-0.02913594870333827,0.4067539156834423
142,2.528075584964247e-08,6.055960287883872e-08,0.0007502064298381402,1.872442243417337e-09,8.813195129988346e-10,6.916221244762804e-10,5.152670691431416e-10,3.1618192656952416e-07,3.950808577369624e-09,2.9940891305731638e-09,7.643793346528405e-10
143,2.625733669171709e-08,5.000027226202504e-08,0.0008417628650407763,1.645950075206786e-09,1.9965316167294897e-09,3.6712175870026263e-10,3.800655751501425e-10,3.81305036400377e-07,3.797307634587375e-09,2.3047697233900675e-09,2.3923082195214643e-09
144,3.351271258596816e-08,6.415866807870802e-08,0.0009433493465824175,4.742186524158453e-09,2.3458646864862687e-09,1.1682042218773906e-09,4.7219004978122e-10,5.517685026646378e-07,7.958948286968263e-09,2.613599755157714e-09,1.4322730243976707e-08
145,2.842901187184714e-08,6.706055966756282e-08,0.001003819238545932,1.496690560281481e-09,1.2974319893723458e-09,3.872316804695911e-10,5.0962821460577904e-11,2.0866986288131735e-07,1.6602055736172223e-09,3.3990902383750284e-09,5.258921647846179e-10
146,-0.0012634198167326878,0.5383629567803945,-0.00022724419127270192,0.009756073345933475,-0.050935073470743934,-0.038039480253344825,-0.009676338809362611,3.6928982296656603,-0.06782176725099148,0.03549783061301651,-0.019283789832759596
147,3.3311811541758716e-08,7.786473855335399e-08,0.0011393714121847344,2.027972326664887e-09,3.423955450566234e-10,3.4818116042299807e-10,5.957596218774852e-11,3.2376044168726305e-07,2.321315076759949e-09,3.638199667632175e-09,8.002681247223619e-10
148,4.77819288168186e-08,7.894951261562265e-08,0.001420158560983877,4.952039634541155e-09,1.7296291580057525e-09,2.1647483399791216e-09,1.4720768252861298e-09,1.2430485115486758e-07,9.350834095245317e-09,4.833561803112528e-09,1.3819801082293141e-09
149,2.9409805275447978e-08,6.323899368664356e-08,0.0007989241771498266,2.239855107095108e-09,3.3454695848738654e-09,7.005895305365704e-10,5.53291711461071e-10,4.824691143201232e-07,5.702979688779411e-09,2.363600227760317e-09,1.5411762047336665e-09
150,4.5285787233287744e-08,1.0041963757319633e-07,0.0015753295090120407,5.245458231428964e-09,3.0299436457273056e-09,5.05230681312813e-10,8.978292689183321e-11,4.6754417068000276e-07,7.2910121348409776e-09,4.462509322207212e-09,1.5622622475232427e-08
151,2.8202862911890548e-08,7.175521258285532e-08,0.0010540748793968304,1.9627740131528242e-09,5.341212378677454e-10,2.5009618761992585e-10,5.6836844905876606e-11,2.1468740315084942e-07,3.1500729786068158e-09,3.1348902138298293e-09,1.2712672835984637e-09
152,3.455875811646997e-08,7.783017837643718e-08,0.0012396479405339606,2.1879058543509564e-09,2.802307467238899e-10,3.362449973102108e-10,5.154048106318783e-11,6.282169235001116e-07,1.52670148597092e-09,4.68948840374749e-09,4.040513141564389e-10
153,2.947545156952953e-08,6.067572468060083e-08,0.0009667948114805687,1.551235611307999e-09,1.4828252523178783e-10,3.8151630824045004e-10,9.359100850994348e-11,5.136103797204832e-07,2.4047961148037592e-09,3.6548657606917595e-09,4.0588261917641234e-10
154,3.334516862129251e-08,6.948788587612323e-08,0.0009680950209285486,2.2732393905193233e-09,3.582827552776806e-09,1.03510341849994e-09,6.958437875437016e-10,1.9889875956014507e-07,5.7331951001481225e-09,2.301367464357395e-09,6.549500997122147e-09
155,4.9335185420490694e-08,8.330534981759469e-08,0.0016167430469267862,4.947798277396577e-09,1.7871293958028786e-09,5.777252804806668e-10,5.969085138820011e-11,1.0329804500455334e-06,9.195877174480375e-09,6.153923929271762e-09,9.832899722527924e-10
156,3.712009013838895e-08,9.018147912528107e-08,0.0013036619585702956,3.145484970498494e-09,8.78312497092755e-10,2.709697969405282e-10,9.717443140650286e-11,4.456688715816797e-07,4.739936790288969e-09,4.479120743676422e-09,2.1613146868798713e-09
157,2.8862813334743392e-08,5.22649310370422e-08,0.0010585917837406052,2.4520808440741624e-09,2.2431995039002708e-10,4.876765522864279e-10,4.904651521119762e-11,2.8222108173570365e-07,2.0535892903276695e-09,3.673831164467092e-09,3.2763794703864107e-10
158,3.8165435556422866e-08,8.223007491980967e-08,0.0012657253403936058,2.8103509938570377e-09,3.795280428452265e-10,5.483163501157583e-10,1.1928348969910022e-10,5.725427761948435e-07,2.610322360903237e-09,5.020813201165107e-09,4.364638975954138e-10
159,1.4042867714560843e-08,3.3801825205477065e-08,0.000671750607745814,6.490889762061234e-10,1.1579652160513953e-09,4.023894007173029e-10,4.614002905907404e-11,1.342988394630317e-07,1.5147035662104328e-09,1.1341226003376756e-09,2.56716213074535e-09
160,4.225810396426428e-08,9.491306573639866e-08,0.0013523553680018306,3.4518932497911737e-09,6.059152386794341e-10,5.042040313486197e-10,8.649374860445445e-11,7.672007258854186e-07,2.1015855209049537e-09,6.375729764005512e-09,2.8363426517285894e-10
161,2.7173698763293128e-08,4.8581089860048127e-08,0.0009762508829380994,1.881862314426389e-09,9.637282168994943e-11,4.138718250782249e-10,5.6396459218253645e-11,4.2769709326958935e-07,1.5677842708495674e-09,3.6131628125190415e-09,2.1445488545671892e-10
162,2.2648333245232283e-08,5.285624424429283e-08,0.0009200146848269791,8.879520505478564e-10,1.8479457052625753e-10,1.8816071185269684e-10,5.954329718803455e-11,1.3200781992492915e-07,1.642813555634827e-09,2.041550679782364e-09,8.28081382893283e-10
163,3.5378318282511617e-08,7.534819917505574e-08,0.0009897674178170669,3.6297763099966505e-09,1.609384543307136e-09,7.831507693649368e-10,1.8051502867967064e-10,6.629033599826132e-07,8.219552271584154e-09,3.6920750700412053e-09,3.5682254634605405e-09
164,2.9553304022150015e-08,6.720682480946812e-08,0.0011311082034598065,1.9808802467816487e-09,9.550777609514245e-10,5.891539826693519e-10,7.205159211947625e-11,3.5957257267985273e-07,4.690749853916305e-09,2.325431854618276e-09,3.5563494337046845e-09
165,2.1374548615383895e-08,4.5450212625625246e-08,0.0009041829889281746,6.279545448554397e-10,1.42021127802755e-10,2.2518557997770413e-10,7.314030388752956e-11,1.3190700168022044e-07,1.341369162724353e-09,2.0512322201527423e-09,6.307747727907407e-10
166,2.863970980493179e-08,7.074579443066201e-08,0.0010525093353312433,1.6339425766337415e-09,2.545061335922193e-10,6.512480535900018e-10,4.656985270285235e-11,2.88745214279637e-07,2.436379775402234e-09,3.6292846283875845e-09,3.3360806602837473e-10
167,3.728897996212443e-08,6.270308394366254e-08,0.0013215416060630748,3.13045403854289e-09,3.7049634474984995e-10,1.1058754067208564e-09,7.042484415207743e-11,6.39168217978759e-07,4.137495584872088e-09,4.332855858111993e-09,4.143362331729362e-10
168,3.9540380869271365e-08,9.605895588957213e-08,0.001218744372782247,2.645406340881386e-09,3.967014417603864e-09,8.952512190101927e-10,1.0452291483427598e-09,5.384858405767444e-07,7.5375902197769e-09,3.2837275584517872e-09,4.203675483699106e-09
169,5.595049028280992e-08,1.2689527886500598e-07,0.0017811139200404,4.461163879097768e-09,1.046544705894367e-09,5.984839598925858e-10,4.680880287626511e-10,5.983774129088788e-07,1.0424019633636316e-08,6.5061751079955245e-09,1.9578532771114782e-09
170,3.884062488116456e-08,7.267595328881982e-08,0.00148902358834964,2.9074389187258753e-09,3.6405597841740617e-09,8.683743734996043e-10,1.2653274676942208e-10,3.824074768997199e-07,4.5094238282835694e-09,3.974927650553291e-09,1.6108426590565338e-08
171,4.4008979415713464e-08,1.1391935393137092e-07,0.0013326515699002318,3.244063444035191e-09,1.0042875346763721e-09,1.0752999396633598e-09,8.572128042082978e-11,6.964084765300495e-07,4.91724616728267e-09,6.809855131798977e-09,4.964201590632955e-10
172,0.9183918404416573,1.9149788617783008,-0.007091486122675836,0.1674629721518427,0.26976634215632966,0.057337916954894014,0.005738603880757889,12.936316680641816,1.4334084076290416,-0.07415015348078963,0.14613297645728263
173,2.0084466380333347e-08,4.327536169666201e-08,0.0005925292992784886,3.110600157911888e-09,7.175637723400881e-10,1.0596254910101864e-09,2.4593721425717512e-11,2.8268809939489204e-07,5.275869683366284e-09,2.358040120296055e-09,3.0299512211130517e-10
174,2.6891474374654764e-08,4.9408166001985665e-08,0.001046799831754854,1.338392451594489e-09,1.8360390124473598e-10,3.6305770351960287e-10,7.23044653513305e-11,4.541276989761983e-07,2.0442347578883127e-09,2.368223166945251e-09,1.4387231641691212e-09
175,3.4982764457722087e-08,5.722712826884586e-08,0.0012459164565806291,2.4660329867303874e-09,3.3012635683719045e-10,7.871528866368933e-10,8.71392162840805e-11,2.315356345621938e-07,3.096330461433253e-09,4.093556469509698e-09,3.4106055859401136e-10
176,2.6558282398068976e-08,4.452617262569301e-08,0.000876397534396084,3.498640455759603e-09,3.7937299930061727e-10,8.156669509110752e-10,3.469787276768311e-11,1.4321643212925139e-07,4.911365450976395e-09,3.2178574789250215e-09,8.482256901536613e-10
177,6.087900954379277e-08,1.303904391330139e-07,0.0019003088253242285,4.050338865012404e-09,5.745988656909738e-10,1.2073764298796775e-09,9.096292778842365e-11,8.107602757397307e-07,3.0953706844606285e-09,9.900220768350919e-09,3.463389029887423e-10
178,4.0211544567567367e-08,7.491854362978148e-08,0.0013340425102635399,4.011686729680705e-09,5.773791886070778e-10,6.705367306327416e-10,6.903659490084123e-11,3.2194215518347265e-07,5.5195717862857565e-09,4.423987119176477e-09,1.4023230808097766e-09
179,1.1462556661762725e-08,2.6212190723373837e-08,0.0003773589939859003,7.487932168042893e-10,1.985567309361747e-10,2.163726869509331e-10,2.678964910207539e-11,1.370821571625387e-07,1.07473076832133e-09,1.1696623305492561e-09,1.7408088029224056e-10
180,4.372575791791122e-08,1.0861156527012479e-07,0.0013200247414752284,2.6603934849260842e-09,2.0023260595820896e-09,8.761728514265055e-10,5.946625540844056e-11,7.704099853247499e-07,6.858645767262868e-09,3.9495783353442995e-09,1.0883883291410933e-09
181,4.957387547202016e-08,1.008104732255507e-07,0.0015858421848365183,4.4292947581115994e-09,6.317194320959623e-10,4.478676307519388e-10,6.19613448090153e-11,4.4608957534361e-07,4.317678237629995e-09,5.899384624935234e-09,6.524131175573205e-10
182,3.78199103489671e-08,6.658092459307877e-08,0.00131581771422448,3.2635891898396194e-09,5.081431916493425e-10,4.363400041280447e-10,1.550536423747742e-10,3.595624767863443e-07,3.7051411244667678e-09,4.329415559630204e-09,5.435992758670868e-10
183,4.4313535765159076e-08,1.1017977652382216e-07,0.001362242402956755,3.218252226239308e-09,1.3019546866901042e-09,4.772689897597471e-10,6.447596481243036e-11,5.281324951663675e-07,3.1036718002867244e-09,5.3640350663202665e-09,4.499676710474246e-10
184,2.975821240634309e-08,6.377531605652886e-08,0.0010057225503494328,2.094054462169213e-09,1.4287800940265435e-09,1.8525399152566128e-09,7.040556184528057e-10,3.73803792467861e-07,6.169965389335393e-09,2.716835487906302e-09,1.5463369945845368e-09
185,3.6840146680231736e-08,6.982304062862568e-08,0.0010641245496953642,3.2882130557719024e-09,4.467177989938931e-09,1.0214756400482806e-09,1.2209258246346258e-09,7.681681779122044e-07,7.754943261284385e-09,3.0981738353793174e-09,5.20866969327435e-09
186,5.3957748857311234e-08,1.119273091004425e-07,0.0016643396105868265,5.236452316853475e-09,1.2697453467363267e-09,9.647399978138294e-10,7.966319815001031e-11,5.177654846277194e-07,8.741916645356199e-09,5.709284725616514e-09,4.10700308962865e-09
187,3.629314787125595e-08,6.947871801520754e-08,0.0011685385471547991,2.5338787773913406e-09,1.0843564274357393e-09,6.82721205699196e-10,1.1040932419149434e-10,6.796518213343307e-07,5.630674000912073e-09,3.4268914991229106e-09,1.0035676831937269e-08
188,2.756626533085452e-08,5.483548241710301e-08,0.0008191257504474692,2.6841528096125047e-09,1.3284609113432604e-09,2.105803629812214e-10,3.187704103363144e-11,1.8082196263127608e-07,5.021358628405825e-09,3.133790996930529e-09,5.693876078035009e-09
189,8.628211199172694e-09,1.9980906845430915e-08,0.000346700015006757,4.3213502753841494e-10,7.585380152674543e-10,9.030881320195224e-10,3.0530663154905693e-10,1.0646977207654906e-07,1.6452460770244607e-09,5.364721697434331e-10,1.2961270428032973e-09
190,4.875174543863785e-08,1.0366378619770413e-07,0.0014165375578152986,5.7536519095888874e-09,1.4556788702097552e-09,4.1146736352844323e-10,6.97865138870685e-11,6.416815443790625e-07,6.9737502254434965e-09,6.63047455804973e-09,1.1406539492253476e-08
191,3.6663775739487875e-08,6.479942758929405e-08,0.0012385084046081217,4.07373850482455e-09,1.3321446195714413e-09,1.4077379218367516e-09,6.773666084923675e-11,2.813869962006727e-07,7.266200932399659e-09,3.290930757253025e-09,4.822761871898809e-09
192,4.658828273211579e-08,1.249614292899562e-07,0.001429976204981247,3.5220379748533088e-09,3.0102334690285076e-09,9.777632616963921e-10,5.203866092759221e-10,6.65186139243077e-07,1.0769630528213709e-08,6.037275487836835e-09,9.939879855855173e-10
193,3.37540919285067e-08,7.47871011330073e-08,0.0011191236687080254,2.558321121122071e-09,1.7576224456149331e-09,1.7761325088031285e-09,5.296115300706781e-10,4.0346116310040636e-07,5.884234600994546e-09,3.6959340991352775e-09,2.2201194595379634e-09
194,5.321456735587197e-08,1.1891341289757798e-07,0.0015369223378747065,4.6018676459152635e-09,3.528834574346024e-09,9.281538048542836e-10,5.124868467005739e-10,7.204508663493897e-07,1.1177614734713556e-08,4.871949564056285e-09,1.0433139489778454e-08
195,2.2931777921944026e-08,5.5102586228529536e-08,0.0009179590702154192,1.3243118493282432e-09,1.6582984955250622e-09,6.044844000154967e-10,3.617933752259199e-10,2.7264837613787847e-07,3.4881252387877e-09,1.8281717938522595e-09,3.933920114768404e-09
196,3.1057990147728696e-08,7.282170514804471e-08,0.0012687567731324585,2.0276181612155772e-09,1.8109260727029631e-09,3.4854313657530233e-10,6.711592104580228e-11,3.418653913270777e-07,2.8530723212737745e-09,2.780211867109603e-09,1.4404596744590585e-08
197,6.295110228796756e-08,1.4150052892430485e-07,0.0017493252901704076,6.238846382793072e-09,1.9677722456359184e-09,7.799744087044617e-10,7.237113744407629e-11,1.1201354658930684e-06,7.683930436717018e-09,7.675210172942939e-09,5.204917618202517e-10
198,4.344621042639805e-08,8.964819744273013e-08,0.0014127640530759435,4.778329023192798e-09,1.4019793525219855e-09,6.143581799132458e-10,6.005492878185987e-11,5.907141136033359e-07,9.443077973617542e-09,5.17020243367458e-09,2.2610649232322906e-09
199,2.2192319972232692e-08,5.0998894930766884e-08,0.0009211045695141692,8.778800872408422e-10,4.760100113196244e-10,2.1362003218300544e-10,6.343590250144794e-11,1.1600619144123388e-07,2.096719461960722e-09,1.924584553693991e-09,1.6430506990363607e-09
200,3.556241256700852e-08,7.868981520916893e-08,0.001192070306380775,1.969719000873239e-09,3.0496346153874573e-10,3.0867021156187595e-10,8.814881662348241e-11,4.782417454514127e-07,2.5832087124775524e-09,4.459136818088305e-09,7.151578587930567e-10
201,1.6755849012344308,4.833229416442363,-0.00364118347454117,0.7293997180895422,1.3402914377380508,-0.07649072414575825,-0.023063015962480293,18.90993584399186,0.9475365472393131,0.6403210538895214,3.8018654930211015
202,3.458023218748842e-08,7.080689471096839e-08,0.0012250555785244057,1.909689432088175e-09,2.714748947574633e-10,3.5783972607050224e-10,1.0218801763519569e-10,4.638567339977727e-07,3.1256064422797873e-09,5.2711550161913014e-09,6.804127527827081e-10
203,6.694262895039634e-08,1.3838492872450757e-07,0.0019350882608594566,6.29259312473669e-09,3.314918412891802e-09,5.702907794275845e-10,8.117040563935718e-11,4.01394145433405e-07,1.1275592853378199e-08,7.099450438192752e-09,1.1533140485608578e-08
204,3.96253974031821e-08,9.313063687923466e-08,0.0013824030150657305,2.331912089166156e-09,5.738023492461337e-10,2.691428516383888e-10,5.599733228736515e-11,3.769914550214341e-07,3.6629369044304203e-09,4.677979452773412e-09,5.328201198395896e-10
205,5.689747140857388e-08,1.0935082919540592e-07,0.0016928982539564982,4.359538601964036e-09,1.8421729629403214e-09,2.6230195644690266e-10,7.807124454355412e-11,4.4905135890680607e-07,5.670805800543396e-09,6.944411681107659e-09,3.1048642832906523e-09
206,5.16732102434757e-08,1.1911162257533397e-07,0.0015736274353974336,2.5124062789893883e-09,4.6119507969599797e-10,4.912233329432055e-10,1.0092711527809275e-10,3.8910343858591486e-07,3.5431635149864785e-09,7.221548886856666e-09,7.574843177480846e-10
207,4.558370397658397e-08,7.977397704490994e-08,0.0014617353168114695,4.514529491371956e-09,2.0268950666598036e-09,3.5980620181392157e-10,4.496435766937255e-11,9.399487952984128e-07,6.3513546259643745e-09,5.817109587085166e-09,2.1956535703679237e-09
208,3.381740775693508e-08,7.399304609058278e-08,0.00117745147485639,2.575272954233865e-09,5.983530204884954e-10,6.404747085840023e-10,9.42391667344048e-11,3.137847345280835e-07,5.095844677621251e-09,2.9308622829912193e-09,2.5045280920130514e-09
209,2.3089029077200173e-08,5.3119002145138905e-08,0.0009452737308163742,1.0114061184253447e-09,2.588817075671342e-10,3.8189136338086673e-10,5.063690376567557e-10,2.3262486987702867e-07,2.4059111167145437e-09,2.155046709532442e-09,2.0691756896451777e-09
210,1.3714544201523638e-08,2.477725376339886e-08,0.0005956484936684933,4.746856509384806e-10,3.877298286865372e-10,2.49727612698577e-10,1.311622828793168e-10,1.8098844779896503e-07,1.1538425901284663e-09,1.0327482527236885e-09,7.993690723129277e-10
211,3.1452741358021806e-08,7.122078883108734e-08,0.0013034540231120198,1.869466927699996e-09,8.88479967687405e-10,5.345128681638753e-10,7.000208277032334e-11,3.0675428431470556e-07,4.425982225530094e-09,3.29398008559432e-09,4.498400520873172e-09
212,2.1293696803300846e-08,3.8260337676508524e-08,0.0008197254280932234,1.1059279014637382e-09,7.84280203890216e-11,3.8657049188917583e-10,1.0422337659992208e-10,2.029745745166611e-07,9.77296440520273e-10,2.1958372938038594e-09,2.971712994347941e-10
213,3.2095345708405746e-08,5.96319101405745e-08,0.001085324174720808,2.3353240619674835e-09,2.1891163090544598e-10,6.803143697321336e-10,8.82363250366985e-11,4.813168478666268e-07,1.900118515145329e-09,5.381482005328588e-09,1.90589895252913e-10
214,2.574609260805214e-08,4.9176523636589757e-08,0.0007765725150510732,1.6632458808265698e-09,1.76796401185902e-09,5.542994851880219e-10,2.4088808561358886e-10,1.529110466806676e-07,4.1147781563828e-09,2.187762722493578e-09,1.410351823837878e-09
215,7.461095043004537e-08,1.8440795803556453e-07,0.002053136280149733,9.23790494352897e-09,6.405172980259986e-09,9.217762815021234e-10,7.566115391324618e-11,7.789934186820393e-07,1.5166910511421067e-08,8.22736446851404e-09,1.8434385007654668e-08
216,4.678811295907623e-08,1.0212263119808765e-07,0.00130958552051485,3.760399705113152e-09,1.289297457902717e-09,9.16580201330578e-10,9.640204223672211e-11,7.65436256900519e-07,6.340772934873702e-09,7.244355006439746e-09,5.843718314402973e-10
217,4.9977363085198595e-08,1.0922982741199361e-07,0.0015876142340064752,4.6514450493753084e-09,1.2222151866101099e-09,1.6488926715035401e-09,7.903651607926348e-11,2.399872493111949e-07,5.807355742243237e-09,7.013220666834816e-09,6.988131297884639e-10
218,4.2467407902393604e-08,7.547950262605066e-08,0.0012454289980338613,2.9889455451150745e-09,1.7684163772803745e-09,9.128300267121856e-10,6.352704309720688e-11,5.564795973099774e-07,5.478897986467976e-09,4.13356408688309e-09,6.324557419001344e-10
219,2.887342211029186e-08,4.64421172482534e-08,0.0010532917447234065,2.417205442071333e-09,3.8305016049981243e-10,5.023205644295445e-10,4.514419312808015e-11,3.0302241276526265e-07,1.6203471518266173e-09,3.224466370127144e-09,2.3107002849068713e-10
220,2.451941504917723e-08,5.9467789298645946e-08,0.0009984632733558956,1.0766403325733613e-09,1.9616522904190545e-10,1.229633496726935e-10,6.49744258643129e-11,2.0829287826184563e-07,1.2939728491245523e-09,2.5759081630008567e-09,7.038102229019275e-10
221,3.3000630194360465e-08,6.618431593392149e-08,0.0010600225750127866,2.301693281341492e-09,2.5763754588009903e-09,4.675563441955582e-10,5.280108352443961e-10,6.980199528735378e-07,5.941476927307979e-09,3.260825129391518e-09,2.856545816698597e-09
222,3.895408878273516e-08,9.202546569719336e-08,0.0012464127983542433,2.6388248542846422e-09,2.8439472178593854e-10,7.481906845912163e-10,9.565929723623746e-11,7.962813539406692e-07,3.396492519548294e-09,5.426148867605971e-09,5.057538127161092e-10
223,4.4568526417092266e-08,1.0748342454710912e-07,0.00170628481077056,4.618241318938886e-09,1.9030399619906134e-09,9.172671341941015e-10,8.926022713175264e-11,4.554643188465189e-07,6.4689992414415225e-09,3.780858412087045e-09,2.048939533798015e-08
224,2.4555616780954823e-08,5.954702059650089e-08,0.0008268462572936289,1.4712670270653861e-09,1.0144816925827586e-09,2.6015051827255826e-10,5.298489277020132e-11,2.2402210143961432e-07,3.0927735852189994e-09,2.1197260133837546e-09,2.681133790589928e-09
225,4.093980484904509e-08,9.365001385970782e-08,0.001255727288952249,2.7006270547644e-09,5.776646501694391e-10,1.4376297451562366e-09,9.347529935478072e-11,7.432308749260525e-07,4.809014909653108e-09,5.2510477549370065e-09,8.218142303468877e-10
226,0.4057194150666277,0.6969176423000647,0.0019318341429451235,-0.005337569624360007,0.08905886533671889,0.5863276631626186,0.12323497631623842,-6.930600020025551,0.5558831391484099,-0.13692692637937476,0.44748418721277383
227,2.760211451724109e-08,5.691683086148841e-08,0.0010651299835886987,2.4772295265889895e-09,3.5732664576285206e-10,2.62091632958472e-10,4.940984957820518e-11,4.626275454875858e-07,2.5725046525054728e-09,2.989894915399798e-09,9.338774737750242e-10
228,1.5760794190390668e-08,3.811074352465358e-08,0.0005734047111507388,9.572556668051386e-10,4.742421648559442e-10,3.302453037890225e-10,8.788815972969193e-11,2.667854242347044e-07,1.6635983989244063e-09,1.7406134110817491e-09,5.878520808221215e-10
229,3.3436683846208895e-08,8.325276923616669e-08,0.00114244277745557,1.430641090202653e-09,4.25214922508603e-10,3.446376719375156e-10,7.23532228973385e-11,2.3625329791971098e-07,2.1447975380827385e-09,5.017984562992243e-09,2.3250823213853189e-10
230,5.44355172931838e-08,8.540429902397184e-08,0.0016504635370676488,8.395684218611936e-09,3.525709407811206e-10,1.7489854929579711e-09,7.660270337345545e-11,6.920548207229939e-07,7.618991663127744e-09,7.2281770217954e-09,6.841782763590084e-10
231,4.367262092690385e-08,7.256644133641921e-08,0.0014756666663908475,3.3667684894545456e-09,3.651898226437187e-10,8.341352016861846e-10,1.00433100197496e-10,6.01885056434921e-07,3.5883308914545626e-09,5.009209234835806e-09,8.039177725782414e-10
232,3.628529513440574e-08,8.415038261552698e-08,0.0011850276904067474,1.866505088636507e-09,3.282749598200368e-10,6.64695986686193e-10,9.496777878698743e-11,6.129416053999028e-07,2.799136783244699e-09,5.640138564550657e-09,2.811391098316711e-10
233,2.9805718987020446e-08,6.05917194309655e-08,0.0010662318564902316,1.8139948019311308e-09,4.4533006445170574e-10,5.676013890490477e-10,6.8580157467338e-11,4.503269331735645e-07,2.054685138877792e-09,3.6799872841936817e-09,5.150600710292731e-10
234,1.9504103430369692e-08,4.255220892273929e-08,0.0008307699453626179,8.35935900553374e-10,2.9641588637392406e-10,4.209593390947241e-10,7.146071840333244e-11,2.4528125390775274e-07,1.1304233860574468e-09,1.928033608126666e-09,5.340105071989314e-10
235,3.759042185047519e-08,7.771347489364732e-08,0.001242148639747631,2.6090839527215883e-09,7.914636893215779e-10,6.740541669034112e-10,6.251405125722777e-11,2.802492099352978e-07,5.6603268864445544e-09,4.191926643762845e-09,7.788072529745549e-10
236,4.357645568394845e-08,9.87712727070535e-08,0.001406738431178332,3.3823360574410696e-09,2.0886422286477187e-10,7.111631992425368e-10,9.377078471206088e-11,4.2331740682804397e-07,4.198330218114934e-09,6.386975069250909e-09,5.988029739998321e-10
237,2.922438539409379e-08,7.29729804469902e-08,0.0009569696905445388,1.7872225869969906e-09,3.6907955406819496e-10,2.0939441385310145e-10,4.171905171862416e-11,3.0613398408928596e-07,2.3208642162211192e-09,3.6489495913216687e-09,7.622216855404045e-10
238,5.7303334013414124e-08,1.4507503848427465e-07,0.0016552874727195246,5.291310917155409e-09,3.2172699838413187e-09,1.0597793107423843e-09,5.6487321912175936e-11,1.0735461629936454e-06,9.751391432631805e-09,6.469038896633645e-09,1.6695439581271736e-09
239,3.517442518897624e-08,8.95777063891376e-08,0.00120199341655645,3.141181801156791e-09,2.347306638363744e-09,1.066128555960617e-09,6.339131125323537e-10,1.2421599538228692e-07,6.513797344903798e-09,3.6514611457595364e-09,3.5922329477126134e-09
240,3.3098736976145266e-08,8.812268954218907e-08,0.001119595425196795,2.0128195222459025e-09,1.0277336817825484e-09,6.876236968857637e-10,6.186716056955742e-11,4.552985571589837e-07,4.695122529739474e-09,3.262622084441006e-09,1.7645059562806038e-09
241,1.1704739944636735,-5.032277165170825,-0.0005683403928523629,0.03274221506411845,0.7524918380438379,0.23575976951982947,0.1013955492310108,6.241894644806905,0.8919870917663779,-0.1454082177099596,0.8665910693412755
242,2.7665876001640476e-08,6.699941612871145e-08,0.0010883574203465027,1.742795230443971e-09,9.610338816154273e-10,5.238046389229719e-10,5.201033098465433e-11,2.82464967051821e-07,3.3872935094317607e-09,2.7233256842673108e-09,3.4890335433280954e-09
243,1.4808206626010794e-08,3.57047164590896e-08,0.0006721243057455943,4.3364787705585416e-10,1.4436205926890332e-10,1.5159628797317133e-10,5.276102468424561e-11,1.7555942409491557e-07,1.067576854177412e-09,8.972472074534069e-10,1.2061842913625058e-09
244,5.516585273765107e-08,1.022376554042204e-07,0.001613441621927879,4.977181097193381e-09,2.070778497884225e-09,6.629475724552481e-10,6.733147819597439e-11,1.5742186225481186e-07,9.106449832469516e-09,5.815344770479814e-09,7.500171639483536e-10
245,3.607359285126147e-08,8.713090876845144e-08,0.001198044100360228,2.1854721556439643e-09,3.9153243702952815e-10,7.186263760499579e-10,6.794217195427225e-11,5.891984564078886e-07,4.264699165038348e-09,3.5857239373749916e-09,1.0878855290569459e-09
246,5.978902316212875e-08,1.3874923510328256e-07,0.001894704010275121,5.0737444916458655e-09,5.521838070076887e-10,4.315439250526201e-10,8.479844777867434e-11,1.0461760996498257e-06,3.7186760343241823e-09,8.680964610253697e-09,4.094275455187457e-10
247,1.8448434632873935e-08,4.018485828175257e-08,0.000685632656753976,1.3821766555279676e-09,5.018106512764666e-10,3.663445556607735e-10,4.217172400178789e-11,2.954399648033107e-07,3.080196962936806e-09,2.096834223170126e-09,1.3557470440236617e-09
248,4.2493591665599015e-08,9.297450331724863e-08,0.0013943237575216865,2.1122927961378383e-09,1.6292164536150191e-09,6.878117032444587e-10,7.758485165775475e-11,2.587126414520518e-07,6.0589262856738095e-09,3.5766236935978813e-09,2.995743039618312e-09
249,4.855253486355227e-08,9.888906967357429e-08,0.0014862948958754682,4.111502039709085e-09,1.4222204835433e-09,7.677296924824493e-10,7.107937744747401e-11,8.310517034830572e-07,8.248605342745145e-09,5.071442965806201e-09,2.0938786019112134e-09
250,7.841850297921198e-08,1.825230368845114e-07,0.002253353277632104,8.959680427098815e-09,2.6685580639047985e-09,1.1429845078958576e-09,3.798342518990921e-10,1.2368088160622298e-06,1.7623005687926983e-08,9.448239430976648e-09,7.295799029352013e-09
251,2.3866217815566662e-08,4.582672160277913e-08,0.0008391610144657815,1.0480366973646313e-09,1.3633393039461865e-10,2.966700836688115e-10,5.654232300417887e-11,3.9146106292140903e-07,1.1040093621280777e-09,2.627626336436423e-09,4.502459189616728e-10
252,2.4972024748712918e-08,5.410694487359458e-08,0.0009038832458002879,1.5005805724335299e-09,2.7493514588096386e-10,3.5427182297744747e-10,5.6992894429652595e-11,2.6811563266962177e-07,2.230472084194066e-09,3.062779272574764e-09,2.5266381856267803e-10
253,6.510873703775557e-08,1.3840834502045477e-07,0.0018584145185290173,6.635269339692935e-09,4.599626070030493e-09,8.773587403591563e-10,1.2972143877503022e-10,1.068272214343319e-06,1.1394556002915315e-08,6.809758993646572e-09,1.958720919632083e-09
254,2.2036561677186903e-08,4.806785480805154e-08,0.0009658424650732135,8.693460745712832e-10,2.435722812876014e-10,2.229846733378583e-10,6.087058819324245e-11,2.221371869304614e-07,2.0124976629118236e-09,1.887871243799688e-09,1.9139596533032583e-09
255,2.2194147064630143e-08,5.341729038958038e-08,0.0009614937564925868,1.1438586212142594e-09,1.455949721118688e-09,3.3062237285755426e-10,4.4648198073467477e-11,2.0389665603608385e-07,2.9590313688304766e-09,2.2073251956923025e-09,3.86608134324596e-09
256,4.003135240257505e-08,9.176338665932458e-08,0.0013909560581481409,3.67579069870078e-09,2.6851757446000613e-10,5.644893398866234e-10,4.565821610528558e-11,4.104989628919534e-07,3.971724675264308e-09,5.040871129232997e-09,5.986086225363807e-10
257,4.08099747022407e-08,8.924748488447731e-08,0.0014644076422260476,3.795308364383985e-09,2.1584724302106206e-09,1.1563779723443452e-09,7.105352758729359e-11,4.811136332564229e-07,7.876945166589458e-09,4.1139290721151156e-09,4.240082793263502e-09
258,5.4226498228769066e-08,1.0618419655430518e-07,0.00159009659137163,5.02595102151947e-09,3.068116230185094e-09,6.27722002826053e-10,5.629332675604657e-11,3.893151151304375e-07,9.002176412419617e-09,6.363384647893841e-09,4.705528198235127e-09
259,4.8600269540765826e-08,9.586114645679545e-08,0.0015528262591505478,5.175540959765948e-09,1.0624387057979737e-09,9.852109764271242e-10,5.546085023814266e-11,4.658187539373821e-07,9.073601794609518e-09,5.2853364014843685e-09,6.554366703423025e-10
260,2.372663198247854e-08,5.874058272934506e-08,0.0009499492126475086,9.281023329675529e-10,3.1622709461673903e-10,1.0765472107908763e-10,6.797034427712238e-11,2.2230885039969684e-07,1.3924965786440503e-09,2.297651186549116e-09,8.397883019242112e-10
261,4.2038795086168894e-08,1.0937696896878085e-07,0.0013228044579381587,2.633450755197969e-09,7.089994533467208e-10,5.146618591426544e-10,7.536020008630705e-11,3.0686559077878765e-07,3.815788387879849e-09,5.518031822763748e-09,3.057803798145426e-10
262,5.204701925161094e-08,1.2315675215948015e-07,0.0016635132518367061,5.948281623002424e-09,7.536408034638202e-10,8.240389891298426e-10,1.9767432906956027e-10,1.2504665856015558e-06,9.508421086064506e-09,5.510206946065131e-09,2.7463737722769726e-09
263,4.409614916301246e-08,9.442223680248971e-08,0.0013563281835252431,3.45515562657805e-09,5.284462005105303e-10,7.740498962175228e-10,4.947349067235872e-11,4.071068277878986e-07,4.1751011894712425e-09,6.1357927857258955e-09,5.254541830947674e-10
264,2.5613204654617642e-08,5.4650745391670026e-08,0.0009997687550185755,1.5266452109093025e-09,2.3031657558597488e-10,4.318578269117458e-10,5.958637250962339e-11,3.4252261243615407e-07,2.3345227007287895e-09,2.5339641580345983e-09,8.419404551567465e-10
265,1.939055080254804e-08,4.045281542580252e-08,0.0006768341009596544,1.1838986909173896e-09,4.324583836701465e-10,4.675416157994353e-10,3.888549851296421e-11,2.999882396231711e-07,1.949765596404138e-09,2.0142442125192445e-09,3.9132720069444916e-10
266,4.391321135285942e-08,9.686024906845326e-08,0.0013759643096808174,3.013665623236987e-09,1.5225372236079598e-09,8.934888105114672e-10,6.14740552233415e-11,5.2519685093842e-07,7.745865204738476e-09,5.142306102782774e-09,1.0348218419689065e-09
267,-0.24738673429471902,-1.1424741548754613,0.0022238386284769425,-0.2517154307566334,-0.22997180963375422,-0.11693275149950427,0.01020002491950106,-4.238620792904367,-0.22700512760378508,-0.09223059395657256,-1.1416206137534133
268,3.37324768823085e-08,7.889494500715704e-08,0.0012248937005503863,3.3779970606661425e-09,1.0074902064881448e-09,3.953362347413834e-10,4.931115080177284e-11,3.381347153653314e-07,4.2202899875919654e-09,3.861918166946118e-09,2.2311150120562895e-09
269,2.8141186717185526e-08,7.136695018206127e-08,0.0010894607888446812,1.4779644465852401e-09,2.7043072058342436e-10,2.5150067619365804e-10,5.312804989553161e-11,2.517015362831031e-07,2.1685497680727597e-09,2.938886309048455e-09,8.231654685814936e-10
270,6.367649664083938e-08,1.5015882692500936e-07,0.0017499140966968252,4.402093192256173e-09,2.1038102798384438e-09,7.497571467572853e-10,1.266551201317421e-10,7.287841563684565e-07,8.745059103097099e-09,8.45606056722967e-09,9.866305080102267e-10
271,5.538592613070043e-08,1.358194735226727e-07,0.0016668248716597107,4.036559483846185e-09,1.143663267658603e-09,4.2666589225920916e-10,8.868339891033243e-11,6.482083779413007e-07,4.565289810190114e-09,1.0330678991871541e-08,2.8327760948785266e-10
272,3.615770825176646,-5.587587745886742,-0.002243798056267305,2.1868877521418915,-0.4782690779871792,-0.5018158598667541,-0.23736514359046898,11.946100390715536,2.460583522561972,1.523365277568731,26.490285890299127
273,2.4878092110032864e-08,5.147714703111673e-08,0.0008441011367578201,1.0121768240965305e-09,7.152321282403373e-10,5.518704384250343e-10,6.805033691427897e-11,1.4831384071416258e-07,3.2773001028210357e-09,1.7180351649470744e-09,3.026558707580246e-09
274,2.2761396367024447e-08,5.5795170684550514e-08,0.0009188346875465201,8.584659209363309e-10,3.2372094471924737e-10,2.070706615189516e-10,6.942451630323138e-11,2.2580678037524303e-07,2.118986406842051e-09,2.106788737001235e-09,8.617781990447485e-10
275,2.007930051259225e-08,3.312253289598629e-08,0.0008334139057655125,9.329257802147272e-10,1.336037574247948e-10,1.3692967655984952e-10,5.1019720593910253e-11,3.292387939853909e-07,1.018485617535656e-09,2.0642806684873614e-09,3.815749602754878e-10
276,1.7727541930200317e-08,4.336834276090093e-08,0.000774562267224345,8.329343460926215e-10,4.910745664235788e-10,6.007249526584556e-10,7.641523513485862e-11,2.355674398876871e-07,1.2685483834797802e-09,1.7052632735052679e-09,7.189217585273197e-10
277,4.570909185209613e-08,8.055447990702313e-08,0.0014691327322118133,4.707746245289389e-09,1.7752749366857467e-09,5.174696325973646e-10,5.89871039934349e-11,9.286532457289882e-07,6.351570956919604e-09,4.9242150635792855e-09,1.5137400094424516e-09
278,6.505905829059142e-08,1.648037645876754e-07,0.0018427882019599526,7.004838818541337e-09,4.049698067244939e-09,7.914658193017879e-10,7.663390734185441e-11,7.531757559662872e-07,1.104542895905402e-08,8.020159561691712e-09,1.1746120977677137e-08
279,2.764640896274962e-08,5.8026541143725196e-08,0.0011651825224005977,1.6778465534291081e-09,2.038623771142876e-09,9.500573496365492e-10,4.958443064577735e-11,3.0222630083602205e-07,2.5850386727667716e-09,2.779035183248198e-09,5.391633915292457e-09
280,1.0544899356992594e-08,2.2991860885585652e-08,0.0005175844794064494,3.036791381487144e-10,8.013990906802375e-10,5.046020574356825e-10,7.420234935346096e-11,9.882436610113748e-08,1.0300951700514622e-09,4.475947274503134e-10,1.2215446835304168e-09
281,4.109770679249532e-08,7.753873158330263e-08,0.0013703594445188553,2.8650528160661853e-09,8.028794376262065e-10,1.0280581782776038e-09,8.208971514282144e-11,1.0442789470157227e-07,6.945872476961394e-09,3.5338611376147636e-09,1.298707043680407e-09
282,2.7252826550707272e-08,5.835359668162078e-08,0.0009629848199934573,1.1483653042168296e-09,3.49796514086688e-10,5.370236289253467e-10,5.259766156164396e-10,4.7941436864056e-07,2.827608710346322e-09,2.1138350683608353e-09,2.526978969975771e-09
283,-0.24738673429477764,-1.1424741548735844,0.002223838628476402,-0.251715430756692,-0.22997180963380798,-0.11693275149953146,0.010200024919503458,-4.238620792905372,-0.22700512760383862,-0.09223059395659419,-1.141620613753678
284,1.7702238813647933e-08,3.798064659500392e-08,0.0007739764218864704,4.923063319927171e-10,1.2990881809630677e-10,1.687307147427262e-10,9.619034722473337e-11,1.6012841149425307e-07,1.1071139282578185e-09,1.538915620625483e-09,4.947688005737702e-10
285,2.8496952157584135e-08,6.991367546952356e-08,0.0010380662481403603,1.1975591990814136e-09,2.725432193284678e-10,2.0558571628977832e-10,6.128808115359218e-11,2.5832894862911e-07,1.7431634010677444e-09,3.768529551667036e-09,3.946792094808228e-10
286,2.341744933168294e-08,5.5669516891621224e-08,0.0009156901455335325,1.2657065100222246e-09,4.778012625136379e-10,4.898253965441888e-10,2.7414248392220807e-10,3.9764474370482115e-07,2.242441318636745e-09,2.060644580168903e-09,1.9104587607059427e-09
287,1.951914549355383e-08,4.3977566754233803e-08,0.0008301551727334182,9.53544228002759e-10,2.909939212273587e-10,2.925552697796357e-10,6.070300671971709e-11,2.528607298781915e-07,1.840729778693922e-09,1.95808688499889e-09,7.237557809178685e-10
288,3.689491295036316e-08,9.697373530731706e-08,0.0011649568764077168,2.169975590032286e-09,4.11738840092756e-10,3.4510572723130077e-10,9.76962900205059e-11,3.07263542711967e-07,1.3345414001829832e-09,6.156942597985091e-09,2.1272703939920217e-10
289,4.962810608773508e-08,9.150143480848209e-08,0.001527865830432545,4.0898949990837306e-09,7.289808037754328e-10,6.999620319491469e-10,5.145831986651932e-10,2.2166007937392705e-07,5.2432971703315426e-09,5.050125726432954e-09,4.944782443149219e-10
290,4.529988782485364e-08,7.542016369603883e-08,0.001478058415387158,3.635256875332106e-09,3.163590075309978e-10,6.211880634385184e-10,8.367784179335812e-11,5.353855941503687e-07,2.822814744095468e-09,5.697499477398372e-09,5.610083057850081e-10
291,2.1069652832169707e-08,4.155367850211447e-08,0.0007759829198953796,1.6235733669636563e-09,7.326291513516311e-10,3.2560647077246243e-10,8.013407338180926e-11,2.011970624688916e-07,3.1086247749289326e-09,2.174432859712855e-09,1.10189101371857e-09
292,1.7623964585904357e-08,3.853071379850237e-08,0.0007305651672756941,9.508777762191044e-10,3.493981963899668e-10,4.245424074486901e-10,4.884991573469682e-11,2.509304984637347e-07,8.566969155731433e-10,2.023559812745945e-09,2.99306586932783e-10
293,3.668449224327722e-08,7.359890845305506e-08,0.0012896484674982391,2.7845673293448998e-09,4.099360346145669e-10,9.004776945461175e-10,6.144298526085594e-11,5.970132695212589e-07,3.6107441663566355e-09,4.447764572056674e-09,9.716236299294697e-10
294,-0.5244762390516634,-18.76501805135151,0.0006505385349636185,1.152318949168483,3.4557519157995067,0.5271327781560937,-0.15094263005009154,1.6104689161139092,3.210475385709901,0.960364855030089,17.08144368261093
295,3.566400037098236e-08,6.588814081889286e-08,0.0010651053710793881,3.4111589131632048e-09,1.3052810388730824e-09,4.3621023471208293e-10,3.9536949464251994e-11,1.0387819227674112e-07,5.066984354967544e-09,4.205955228220304e-09,6.117168844129084e-10
296,3.373030814452864e-08,7.412074972000782e-08,0.0011812200093219134,2.0730991194295812e-09,5.073142578557045e-10,5.890055810390457e-10,9.120283127942654e-11,5.899686808970591e-07,2.516763329431049e-09,3.8471637510466884e-09,6.895181097860034e-10
297,1.904529746630895e-08,4.7320747801251e-08,0.0007750642514726647,6.541958572106133e-10,2.9441459610298317e-10,2.535594444955788e-10,2.549057190381124e-10,2.7318682758603203e-07,1.3476556167113046e-09,1.5952209194283152e-09,5.908300028866664e-10
298,1.8279696531652625e-08,4.2548617888908575e-08,0.0007932361345493888,6.867255020173392e-10,1.0800308914666894e-10,2.4313998094484045e-10,6.667804735632546e-11,1.8616048964001017e-07,1.4447389849372365e-09,1.4110412640800092e-09,2.374763878788216e-09
299,3.6627859225957116e-08,8.759782039460729e-08,0.0011118044924855114,2.5513969468602333e-09,1.656605336894364e-09,5.050831096498904e-10,6.75436344816378e-11,5.945785742584245e-07,5.751704132554833e-09,3.54158743390273e-09,8.180088415488549e-10
300,2.004468887177073e-08,4.119238209173189e-08,0.0008819016500712291,9.207502679251107e-10,2.2485734022927774e-10,3.3774470574672927e-10,6.092087012612446e-11,1.996277314410813e-07,1.8673787163192654e-09,1.6271006982773694e-09,2.6429853449387287e-09
301,1.5675061538760583e-08,3.877266000911914e-08,0.0007431957575197794,5.463395029608507e-10,2.3993709053464676e-10,2.099586478265385e-10,7.016010983827671e-11,1.660431140130135e-07,1.4291669477033454e-09,1.1606491933639957e-09,2.049605895689751e-09
302,5.236244145436931e-08,1.3354823292678734e-07,0.0014782470117913006,5.99912880337091e-09,3.362889003161668e-09,8.358663653648624e-10,1.2219768649807292e-10,4.822156470819238e-07,1.0644782169330868e-08,5.399326365441386e-09,1.0978296608721896e-08
303,1.2057275048759402e-08,2.5080891256347e-08,0.0003874906768795052,9.869264406920907e-10,2.684086425928155e-10,3.1560541591938287e-10,1.0935673772409693e-10,1.3710960818431143e-07,2.2290516591062113e-09,1.1526230584361252e-09,6.706069885926449e-10
304,3.027821165984217e-08,6.621125119576298e-08,0.0010520342748339575,1.6159597036887379e-09,5.757535772538366e-10,9.86723472343721e-10,6.357868186727211e-11,3.5157545778705175e-07,4.7643639709037084e-09,3.204804491449216e-09,1.1802460160804092e-09
305,3.4299911978398484e-08,7.100359638988643e-08,0.001185972388616057,2.47661945610737e-09,2.683563758899344e-10,4.5250204509952797e-10,7.034894166343428e-11,5.482178535741498e-07,2.8805504811874252e-09,4.0122752921252975e-09,3.7089438710485396e-10
306,6.463133097876115e-08,1.391830288710503e-07,0.0018631620355051275,4.474119688856956e-09,1.7275888918460004e-09,1.261342040317083e-09,1.0572113921786944e-10,2.460088874553361e-07,8.592486567040097e-09,8.020615236124768e-09,6.369608035595145e-10
307,5.015678325769226e-08,1.1960656215569608e-07,0.001518627619650067,4.108546832606481e-09,4.013515896808818e-10,5.907116492198392e-10,7.669581305714179e-11,4.879027738938042e-07,6.831943394963257e-09,6.563346394973849e-09,9.259037442466518e-10
308,2.3027870186078945e-08,3.852742807634236e-08,0.0007906171992894857,1.1985176453174695e-09,7.638194902904905e-10,1.6746907484181728e-09,5.755894676816145e-10,4.201430154979623e-07,4.1572464742856675e-09,2.0952493105643723e-09,7.366648958434703e-10
